<?xml version="1.0" encoding="UTF-8"?>
<jcr:root xmlns:cq="http://www.day.com/jcr/cq/1.0" xmlns:jcr="http://www.jcp.org/jcr/1.0" xmlns:nt="http://www.jcp.org/jcr/nt/1.0"
    jcr:primaryType="cq:TabPanel"
    activeTab="0"
    xtype="dialog">
    <items jcr:primaryType="cq:WidgetCollection">
        <request
            jcr:primaryType="cq:Widget"
            fieldDescription="Provide a Req Number"
            fieldLabel="Req Number"
            name="reqNumber"
            xtype="textfield"/>
        <destination
            jcr:primaryType="cq:Widget"
            fieldDescription="Which environment to deploy it to?"
            fieldLabel="Destination Environment"
            name="destinationEnvironment"
            type="select"
            xtype="selection">
            <options jcr:primaryType="cq:WidgetCollection">
                <it
                    jcr:primaryType="nt:unstructured"
                    text="IT"
                    value="it"/>
                <uat
                    jcr:primaryType="nt:unstructured"
                    text="UAT"
                    value="uat"/>
                <prod
                    jcr:primaryType="nt:unstructured"
                    text="Prod"
                    value="prod"/>
            </options>
        </destination>
        <action
            jcr:primaryType="cq:Widget"
            fieldDescription="Define the way, package should be deployed"
            fieldLabel="Action"
            name="action"
            type="select"
            xtype="selection">
            <options jcr:primaryType="cq:WidgetCollection">
                <upload
                    jcr:primaryType="nt:unstructured"
                    text="UPLOAD"
                    value="upload"/>
                <install
                    jcr:primaryType="nt:unstructured"
                    text="Upload and Install"
                    value="upload-install"/>
                <replicate
                    jcr:primaryType="nt:unstructured"
                    text="Upload, Install and Replicate"
                    value="upload-install-replicate"/>
            </options>
        </action>
    </items>
</jcr:root>
