<?xml version="1.0" encoding="UTF-8"?>
<jcr:root xmlns:sling="http://sling.apache.org/jcr/sling/1.0" xmlns:cq="http://www.day.com/jcr/cq/1.0" xmlns:jcr="http://www.jcp.org/jcr/1.0" xmlns:nt="http://www.jcp.org/jcr/nt/1.0"
    jcr:primaryType="nt:unstructured"
    jcr:title="Properties"
    sling:resourceType="cq/gui/components/authoring/dialog">
    <content
        jcr:primaryType="nt:unstructured"
        sling:resourceType="granite/ui/components/foundation/container">
        <layout
            jcr:primaryType="nt:unstructured"
            sling:resourceType="granite/ui/components/foundation/layouts/fixedcolumns"/>
        <items jcr:primaryType="nt:unstructured">
            <column
                jcr:primaryType="nt:unstructured"
                sling:resourceType="granite/ui/components/foundation/container">
                <items jcr:primaryType="nt:unstructured">
                    <approval
                        jcr:primaryType="nt:unstructured"
                        sling:resourceType="granite/ui/components/foundation/form/select"
                        fieldDescription="If approved, proved user name and password for the destination env."
                        fieldLabel="Approval"
                        name="./approval"
                        value="jcr:created">
                        <items jcr:primaryType="nt:unstructured">
                            <approve
                                jcr:primaryType="nt:unstructured"
                                text="Approve"
                                value="approve"/>
                            <reject
                                jcr:primaryType="nt:unstructured"
                                text="Reject"
                                value="reject"/>
                            <id
                                jcr:primaryType="nt:unstructured"
                                sling:resourceType="granite/ui/components/foundation/form/textfield"
                                fieldDescription="User ID"
                                fieldLabel="Emer ID"
                                name="./emerID"/>
                            <password
                                jcr:primaryType="nt:unstructured"
                                sling:resourceType="granite/ui/components/foundation/form/textfield"
                                fieldDescription="Password"
                                fieldLabel="Password"
                                name="./password"/>
                        </items>
                    </approval>
                </items>
            </column>
        </items>
    </content>
</jcr:root>
