<?xml version="1.0" encoding="UTF-8"?>
<jcr:root xmlns:sling="http://sling.apache.org/jcr/sling/1.0" xmlns:cq="http://www.day.com/jcr/cq/1.0" xmlns:jcr="http://www.jcp.org/jcr/1.0" xmlns:nt="http://www.jcp.org/jcr/nt/1.0"
    jcr:isCheckedOut="{Boolean}false"
    jcr:primaryType="cq:WorkflowModel"
    jcr:uuid="55e128e6-f80e-4a1b-bc1f-5795c5531f8a"
    sling:resourceType="cq/workflow/components/model"
    description="No Description"
    title="Package Promotion Workflow">
    <metaData
        cq:lastModified="{Long}1495338677444"
        cq:lastModifiedBy="admin"
        jcr:primaryType="nt:unstructured"/>
    <nodes jcr:primaryType="nt:unstructured">
        <node0
            jcr:primaryType="cq:WorkflowNode"
            title="Start"
            type="START">
            <metaData jcr:primaryType="nt:unstructured"/>
        </node0>
        <node1
            jcr:primaryType="cq:WorkflowNode"
            description="Destination Server Info and Package Installation type"
            title="Destination Server Info"
            type="DYNAMIC_PARTICIPANT">
            <metaData
                jcr:primaryType="nt:unstructured"
                DIALOG_PATH="/etc/workflow/dialogs/package-promotion/dialog"
                DYNAMIC_PARTICIPANT="/etc/workflow/scripts/initiator-participant-chooser.ecma"
                PROCESS_ARGS="localhost:4502"/>
        </node1>
        <node2
            jcr:primaryType="cq:WorkflowNode"
            description="send eamil to approval for approval/rejection"
            title="Send eMail to approval"
            type="PROCESS">
            <metaData
                jcr:primaryType="nt:unstructured"
                PROCESS="com.us.aem.project.workflow.PackagePromotionSendEmailApproval"
                PROCESS_AUTO_ADVANCE="true"/>
        </node2>
        <node3
            jcr:primaryType="cq:WorkflowNode"
            description="Package Promotion Approval Workflow Step"
            title="Package Promotion Approval"
            type="DYNAMIC_PARTICIPANT">
            <metaData
                jcr:primaryType="nt:unstructured"
                DIALOG_PATH="/etc/workflow/dialogs/package-approval/dialog"
                DYNAMIC_PARTICIPANT="com.us.aem.project.workflow.PackagePromotionApprovalWorkflow"/>
        </node3>
        <node4
            jcr:primaryType="cq:WorkflowNode"
            description="If approved, package will be deployed, otherwise not"
            title="Package Deploy if approved"
            type="PROCESS">
            <metaData
                jcr:primaryType="nt:unstructured"
                PROCESS="com.us.aem.project.workflow.PackagePromotion"
                PROCESS_AUTO_ADVANCE="true"/>
        </node4>
        <node5
            jcr:primaryType="cq:WorkflowNode"
            title="End"
            type="END">
            <metaData jcr:primaryType="nt:unstructured"/>
        </node5>
    </nodes>
    <transitions jcr:primaryType="nt:unstructured">
        <node0_x0023_node1
            jcr:primaryType="cq:WorkflowTransition"
            from="node0"
            rule=""
            to="node1">
            <metaData jcr:primaryType="nt:unstructured"/>
        </node0_x0023_node1>
        <node1_x0023_node2
            jcr:primaryType="cq:WorkflowTransition"
            from="node1"
            rule=""
            to="node2">
            <metaData jcr:primaryType="nt:unstructured"/>
        </node1_x0023_node2>
        <node2_x0023_node3
            jcr:primaryType="cq:WorkflowTransition"
            from="node2"
            rule=""
            to="node3">
            <metaData jcr:primaryType="nt:unstructured"/>
        </node2_x0023_node3>
        <node3_x0023_node4
            jcr:primaryType="cq:WorkflowTransition"
            from="node3"
            rule=""
            to="node4">
            <metaData jcr:primaryType="nt:unstructured"/>
        </node3_x0023_node4>
        <node4_x0023_node5
            jcr:primaryType="cq:WorkflowTransition"
            from="node4"
            to="node5">
            <metaData jcr:primaryType="nt:unstructured"/>
        </node4_x0023_node5>
    </transitions>
</jcr:root>
