<?xml version="1.0" encoding="UTF-8"?>
<jcr:root xmlns:sling="http://sling.apache.org/jcr/sling/1.0" xmlns:cq="http://www.day.com/jcr/cq/1.0" xmlns:jcr="http://www.jcp.org/jcr/1.0" xmlns:nt="http://www.jcp.org/jcr/nt/1.0"
    jcr:primaryType="nt:unstructured"
    jcr:title="Properties"
    sling:resourceType="cq/gui/components/authoring/dialog">
    <content
        jcr:primaryType="nt:unstructured"
        sling:resourceType="granite/ui/components/foundation/container">
        <layout
            jcr:primaryType="nt:unstructured"
            sling:resourceType="granite/ui/components/foundation/layouts/fixedcolumns"/>
        <items jcr:primaryType="nt:unstructured">
            <column
                jcr:primaryType="nt:unstructured"
                sling:resourceType="granite/ui/components/foundation/container">
                <items jcr:primaryType="nt:unstructured">
                    <requst
                        jcr:primaryType="nt:unstructured"
                        sling:resourceType="granite/ui/components/foundation/form/textfield"
                        fieldDescription="Provide a Req Number"
                        fieldLabel="Req Number"
                        name="./reqNumber"/>
                    <destination
                        jcr:primaryType="nt:unstructured"
                        sling:resourceType="granite/ui/components/foundation/form/select"
                        fieldDescription="Which environment to deploy it to?"
                        fieldLabel="Destination Environment"
                        name="./destinationEnvironment"
                        value="jcr:created">
                        <items jcr:primaryType="nt:unstructured">
                            <it
                                jcr:primaryType="nt:unstructured"
                                text="IT"
                                value="it"/>
                            <uat
                                jcr:primaryType="nt:unstructured"
                                text="UAT"
                                value="uat"/>
                            <prod
                                jcr:primaryType="nt:unstructured"
                                text="Prod"
                                value="prod"/>
                        </items>
                    </destination>
                    <action
                        jcr:primaryType="nt:unstructured"
                        sling:resourceType="granite/ui/components/foundation/form/select"
                        fieldDescription="Define the way, package should be deployed"
                        fieldLabel="Action"
                        name="./action">
                        <items jcr:primaryType="nt:unstructured">
                            <upload
                                jcr:primaryType="nt:unstructured"
                                text="Upload"
                                value="upload"/>
                            <install
                                jcr:primaryType="nt:unstructured"
                                text="Upload and Install"
                                value="upload-install"/>
                            <replicate
                                jcr:primaryType="nt:unstructured"
                                text="Upload, Install and Replicate"
                                value="upload-install-replicate"/>
                        </items>
                    </action>
                </items>
            </column>
        </items>
    </content>
</jcr:root>
